id,wage,educ,IQ
2,21.868385,12,93
3,32.779846,12,103
4,11.366104,11,88
5,33.143559,12,108
6,22.732208,12,85
7,25.687395,18,119
8,27.642366,14,108
9,19.322378,12,96
10,23.414175,12,97
11,10.229494,9,84
12,18.185766,12,89
13,18.958662,11,93
14,9.8657789,11,74
15,40.645187,16,116
17,15.730688,12,93
18,29.915586,14,100
19,26.14204,10,91
20,29.506407,12,88
22,27.915152,18,114
23,33.007168,15,111
25,31.506842,12,95
26,63.650185,18,132
28,81.835953,18,109
29,18.776804,12,108
30,28.733511,14,102
31,9.4565983,12,106
32,20.777239,12,104
33,37.462681,16,119
34,26.232969,18,122
35,11.593427,11,90
36,43.736771,16,118
37,42.918411,10,105
38,52.102222,18,115
40,10.684138,11,65
41,45.464417,12,120
42,21.868385,9,86
43,28.369797,15,109
44,29.55187,11,72
47,16.048939,12,101
48,29.96105,13,105
49,28.233402,17,136
50,20.004343,12,101
51,33.552738,12,96
54,32.052414,12,101
55,19.322378,12,91
57,24.459856,16,115
58,33.643669,16,113
59,30.597553,13,123
60,34.962135,12,95
61,26.914934,12,102
63,71.060883,16,145
64,35.189457,16,114
65,27.27865,12,113
67,25.914719,13,93
69,24.459856,15,119
70,28.506189,12,108
72,24.778107,12,72
73,26.187504,12,86
74,31.825092,16,123
75,35.825962,16,103
76,46.009991,17,101
78,27.324114,14,105
81,22.732208,12,95
82,25.00543,11,98
84,36.82618,18,115
85,14.230363,12,60
86,33.234489,18,135
87,28.41526,16,132
88,26.733078,14,106
89,17.049156,14,113
90,37.144428,16,102
91,39.326721,14,91
92,15.912546,15,104
94,22.95953,13,97
95,37.098965,17,125
96,28.41526,18,123
97,34.962135,18,128
98,22.732208,17,133
99,28.142473,17,114
100,29.55187,12,103
101,34.962135,18,130
102,23.277782,12,97
103,28.41526,18,132
104,50.510967,14,98
105,32.779846,13,108
106,52.465939,14,107
107,37.599072,18,129
109,48.919712,17,132
110,28.41526,12,101
111,20.913631,13,92
112,40.917976,14,108
113,31.006733,18,132
115,28.41526,13,106
116,45.691738,18,123
117,32.9617,11,109
118,34.098312,15,103
119,24.050676,14,108
120,44.191414,17,122
121,21.459206,12,109
122,14.775935,12,102
123,39.781364,12,109
124,28.41526,13,100
125,15.321508,12,93
126,21.868385,16,115
129,43.736771,18,125
130,27.960617,16,106
131,31.916021,14,113
132,28.869905,14,122
134,37.144428,12,116
135,26.232969,14,116
136,21.186419,17,105
138,36.053284,16,112
139,28.869905,14,113
141,32.052414,16,94
142,28.869905,14,103
143,31.552305,12,102
144,27.960617,13,109
145,21.00456,16,130
146,39.326721,12,105
147,33.507275,18,134
149,36.735249,12,105
150,29.733728,16,104
151,13.639325,12,112
152,26.232969,16,115
154,27.005863,18,117
155,14.775935,17,114
156,17.503801,16,118
157,45.464417,18,107
158,21.140953,18,120
159,20.004343,16,131
160,28.41526,16,124
161,12.957359,17,121
162,29.55187,14,110
163,36.735249,13,103
165,37.78093,16,115
166,22.732208,12,96
167,31.506842,17,123
168,50.01086,12,101
169,34.68935,12,98
171,15.139651,16,108
172,18.594946,18,138
173,39.326721,16,121
174,40.372402,12,96
175,30.597553,12,89
176,31.825092,12,109
177,11.366104,18,133
178,28.41526,11,84
180,26.187504,13,98
181,27.869688,12,85
182,31.825092,12,105
183,20.458988,12,93
184,22.732208,16,115
186,11.366104,16,146
188,17.049156,12,82
189,20.777239,15,120
191,43.23666,12,122
193,13.139216,16,128
194,22.732208,16,110
195,33.007168,18,114
196,57.512489,18,117
197,27.869688,17,109
198,24.778107,12,91
199,12.639108,13,107
200,65.559692,18,114
201,45.237095,16,126
202,31.825092,12,82
203,26.232969,16,119
204,39.008469,16,104
205,31.188591,12,97
206,37.826393,15,115
207,28.778976,13,83
208,31.324984,12,97
209,34.962135,14,119
210,17.503801,15,105
212,27.960617,12,114
213,31.006733,12,93
214,30.461159,10,73
215,36.371532,11,96
217,46.646492,18,117
218,34.962135,15,113
219,13.184681,10,106
220,24.050676,13,104
222,24.959965,10,80
223,21.595598,12,104
224,20.458988,12,102
225,39.781364,17,114
226,9.0928831,15,93
227,13.639325,13,122
228,21.00456,16,117
229,17.503801,12,96
230,58.285381,15,95
231,26.733078,16,117
232,27.27865,12,105
234,20.004343,12,94
235,21.231882,18,139
236,42.236443,17,91
237,25.278215,16,96
238,19.913414,13,114
239,27.27865,12,54
240,26.14204,12,69
241,17.685658,12,67
242,36.144211,12,110
243,21.41374,18,125
244,9.1838121,17,124
246,15.912546,17,113
247,17.049156,14,100
248,21.868385,16,97
249,43.736771,18,125
250,19.231449,15,106
251,22.732208,15,101
255,26.14204,12,91
256,26.232969,12,86
257,14.093969,12,110
259,60.103958,14,92
260,25.050894,10,85
261,40.05415,17,120
265,19.413305,12,107
266,26.187504,16,116
270,30.597553,16,121
271,26.232969,16,112
274,35.007603,12,100
275,22.732208,12,112
276,17.776587,16,108
277,36.82618,12,90
278,24.687178,9,86
280,39.281258,17,127
281,31.825092,10,86
282,23.186853,12,113
283,27.960617,13,111
284,34.598423,14,113
285,22.413958,10,81
286,20.231665,16,111
288,34.098312,16,112
289,31.825092,16,114
291,27.642366,12,111
292,20.458988,13,106
295,22.732208,14,79
296,16.594513,12,98
297,36.96257,12,105
299,23.823355,12,105
300,37.053501,13,118
301,34.098312,12,100
303,51.147469,12,90
304,28.41526,12,95
305,32.507057,14,112
306,26.869471,12,96
307,18.367624,17,127
308,30.688482,12,120
309,20.186201,12,123
312,31.825092,12,98
315,14.775935,12,114
316,30.37023,13,103
317,109.29646,18,121
318,34.462029,16,117
319,44.827915,16,90
320,26.232969,12,125
321,13.002823,17,104
322,10.50228,14,106
324,27.960617,15,122
325,31.825092,15,120
326,32.461594,18,112
329,39.463116,18,109
330,41.690872,16,128
331,48.419605,12,97
332,18.185766,12,96
333,29.097227,12,103
335,29.142691,17,127
338,37.144428,12,97
339,44.327808,17,120
340,34.098312,12,78
341,21.050026,15,118
344,18.231232,12,89
348,54.193584,17,122
349,28.41526,14,98
351,32.461594,13,101
353,25.141823,12,112
354,26.323898,12,88
356,87.428078,18,136
357,36.644321,16,124
358,15.639759,12,96
359,43.736771,12,97
361,38.053719,18,107
363,25.596466,16,111
364,64.104828,16,102
365,21.82292,12,115
366,27.27865,12,94
369,18.958662,14,92
372,13.639325,16,116
373,32.779846,12,101
374,38.917542,12,99
375,33.552738,10,106
378,26.005646,11,122
379,36.598854,12,88
380,18.185766,10,59
381,43.736771,18,126
382,37.144428,18,126
384,32.779846,18,105
385,41.509014,18,123
386,17.231014,17,119
387,15.912546,14,108
388,31.552305,11,93
389,46.100918,12,82
390,51.647579,18,123
391,77.698692,18,134
392,24.050676,12,84
393,30.597553,17,101
394,45.91906,17,125
395,38.462898,18,117
396,32.279736,11,98
397,37.280823,16,118
399,22.732208,15,129
400,47.692173,16,96
401,54.648228,18,124
403,29.460941,16,122
404,39.781364,13,85
405,24.914501,17,112
407,102.02215,15,111
408,65.559692,12,90
410,57.376095,18,101
411,27.27865,12,100
412,13.639325,11,95
413,24.459856,16,120
415,38.462898,12,101
417,45.464417,12,90
418,25.505537,16,122
419,12.957359,18,140
420,19.86795,16,106
421,14.775935,13,93
422,26.369362,16,119
423,26.733078,16,95
424,36.417,18,115
425,14.184898,14,119
426,11.366104,12,67
427,22.732208,15,97
428,34.098312,12,111
429,15.594296,13,101
430,11.366104,15,112
431,31.825092,16,107
432,18.185766,12,93
433,25.232752,17,122
434,31.779627,15,106
436,55.284733,18,127
437,27.960617,16,113
438,33.870991,14,115
440,29.415478,18,118
441,33.870991,12,106
442,37.053501,16,118
443,39.326721,16,126
444,24.641714,12,95
445,16.594513,13,107
446,18.958662,10,100
447,29.870123,16,102
448,24.050676,15,113
449,38.69022,17,96
450,30.142908,12,106
452,40.417866,18,111
453,39.326721,17,113
454,10.50228,18,138
455,36.462463,12,110
456,24.232534,13,105
457,35.234924,15,85
459,39.326721,16,113
460,46.100918,16,117
461,29.142691,18,126
462,15.139651,16,125
464,24.005213,18,125
467,52.465939,16,89
470,37.144428,18,125
471,31.461376,18,129
472,44.96431,16,118
473,20.322594,16,114
474,45.555347,18,121
475,56.421341,18,115
476,41.872726,14,120
477,25.960182,12,85
478,23.868818,12,109
479,52.465939,12,117
485,28.869905,14,104
486,17.640194,13,109
487,31.279518,12,105
488,28.642582,12,85
489,47.464851,15,115
491,22.732208,12,89
492,35.50771,12,85
493,26.232969,13,102
494,23.868818,13,109
495,17.503801,17,107
497,28.41526,16,103
498,21.595598,13,83
499,29.96105,14,112
501,23.823355,14,106
502,28.41526,12,101
503,45.91906,16,105
504,27.324114,12,116
506,19.367842,12,90
507,48.192284,12,91
508,18.822269,12,128
509,22.368494,12,110
510,14.775935,12,93
511,12.502715,12,75
512,13.230145,12,94
514,22.186636,14,112
515,15.321508,14,121
516,32.9617,12,100
517,20.004343,13,109
518,29.142691,16,122
519,17.049156,12,102
520,21.868385,12,131
521,42.054585,14,122
523,48.419605,12,105
524,29.006298,12,103
525,33.598206,12,113
526,22.413958,12,104
529,28.597118,16,124
530,18.594946,13,110
531,27.27865,18,112
532,33.870991,12,104
533,28.41526,17,96
534,24.959965,12,95
535,14.8214,15,95
537,39.781364,12,103
538,29.051762,12,116
540,22.914066,14,95
541,14.230363,17,101
544,32.779846,16,120
545,35.689568,12,102
546,24.823572,12,105
547,37.644539,12,103
548,7.2288423,12,94
550,32.779846,13,102
552,25.141823,16,112
553,24.641714,14,101
554,23.141388,16,121
555,17.503801,16,105
556,65.559692,12,96
557,39.963223,16,128
559,39.23579,12,110
560,33.643669,12,92
561,40.417866,12,87
562,20.822702,15,126
563,20.458988,12,98
564,31.825092,12,103
565,33.825527,14,122
566,40.417866,16,109
567,31.461376,18,125
568,27.460508,18,119
569,28.41526,18,97
570,33.916454,14,103
571,33.007168,18,95
572,25.460073,12,99
573,19.276913,12,106
574,18.185766,12,117
575,11.366104,14,112
576,29.370014,13,136
578,45.464417,12,110
579,24.005213,12,111
580,21.868385,12,115
581,38.644756,12,90
582,23.004995,14,98
583,23.277782,12,106
586,10.91146,12,95
587,25.323681,12,115
588,22.732208,15,106
589,16.912764,16,102
590,15.912546,10,91
591,26.55122,12,114
592,23.414175,13,92
593,17.731123,12,111
594,12.730037,16,111
596,13.639325,12,96
597,28.869905,17,119
598,15.548831,13,85
599,22.95953,16,98
600,16.185333,13,114
601,11.911677,12,79
603,33.643669,13,108
605,12.548179,15,121
607,10.865995,12,117
609,15.912546,12,107
610,27.233187,12,103
611,34.098312,15,105
612,31.461376,16,105
613,6.6832695,12,88
614,12.730037,12,96
615,34.962135,18,105
617,23.505104,14,100
618,18.185766,16,116
619,17.049156,12,86
620,27.096792,12,88
622,18.958662,11,97
623,15.366973,16,112
624,21.868385,18,125
627,20.458988,10,84
628,34.962135,16,117
629,32.779846,16,110
630,45.464417,13,104
631,28.41526,14,101
632,37.144428,16,99
633,17.140085,12,87
634,32.188808,12,101
635,18.685875,14,117
636,60.876854,13,108
638,8.7291679,10,86
640,42.009121,16,69
641,10.91146,15,105
642,28.41526,13,104
644,22.868601,12,109
645,21.00456,16,85
646,21.641062,16,114
647,22.732208,15,99
649,30.142908,13,90
650,32.143341,15,119
651,42.190979,16,120
653,16.594513,15,112
654,29.324549,12,97
655,21.00456,18,107
656,46.646492,18,117
658,17.049156,18,125
659,69.924271,18,112
660,41.963657,18,106
661,25.82379,13,104
662,27.27865,14,89
663,32.779846,15,116
665,32.370667,14,123
666,36.735249,16,118
667,42.054585,11,106
669,12.320857,12,91
671,54.557301,12,103
672,26.414825,14,114
673,31.188591,17,105
674,45.464417,18,84
676,31.370447,12,89
677,22.732208,12,81
678,34.098312,13,118
679,41.509014,17,91
681,26.232969,16,113
682,27.324114,12,121
683,26.232969,12,102
684,30.779409,12,104
685,21.504669,18,106
687,28.187939,15,108
688,17.185549,16,108
689,11.047853,16,121
690,34.098312,12,87
691,20.049809,18,107
692,31.279518,14,112
693,22.777674,18,116
694,18.185766,12,115
695,44.600594,12,107
696,29.506407,14,117
697,28.41526,12,110
698,32.143341,16,97
699,47.419388,12,96
702,26.14204,13,91
703,39.326721,14,97
704,32.41613,12,90
705,30.597553,16,112
706,30.097445,12,97
707,24.687178,14,120
708,23.868818,13,109
712,22.732208,12,99
715,10.91146,10,99
717,21.00456,12,85
718,18.367624,12,97
719,20.458988,12,95
723,43.736771,12,80
724,34.098312,14,126
726,31.461376,17,109
729,32.279736,11,86
731,37.871861,12,112
732,14.00304,12,98
733,28.41526,16,119
735,30.597553,16,102
737,18.185766,17,128
738,23.550568,9,82
740,18.594946,17,113
741,25.41461,18,105
743,46.646492,17,124
745,54.648228,14,94
746,14.957793,17,117
747,21.868385,18,116
750,58.285381,16,112
752,20.186201,18,105
753,21.868385,16,87
754,21.231882,12,108
756,13.002823,15,89
757,26.232969,18,119
758,32.779846,14,97
759,21.00456,12,89
761,9.0928831,12,131
765,34.962135,16,85
766,35.234924,17,132
767,29.142691,16,114
768,47.964958,14,98
769,30.733946,16,110
770,31.415913,12,124
771,43.736771,17,118
772,18.185766,13,90
773,30.597553,16,108
774,65.559692,18,112
775,24.050676,18,100
776,31.825092,14,84
778,22.459421,18,97
779,22.732208,12,113
782,32.597988,13,105
783,26.14204,12,88
784,15.912546,12,74
786,29.23362,16,115
788,30.870338,15,91
789,24.277998,12,103
790,23.823355,16,102
791,30.324766,16,98
795,14.139434,18,82
797,30.006516,14,112
798,31.461376,16,108
799,26.232969,15,90
801,13.27561,16,111
802,34.098312,13,96
804,54.648228,16,127
805,72.879463,15,97
806,34.962135,14,120
807,23.323246,16,101
808,36.598854,12,100
809,43.736771,17,99
810,30.688482,12,104
811,18.094837,13,116
812,38.872078,14,120
813,31.506842,11,95
815,15.685224,13,99
816,25.505537,12,68
818,21.322811,16,122
819,13.639325,16,106
820,30.597553,18,101
822,36.735249,16,104
825,33.052631,13,99
831,64.786797,12,101
832,34.598423,12,110
833,27.27865,12,94
834,50.510967,16,111
835,34.68935,16,120
836,29.55187,12,108
837,52.511402,14,111
839,25.232752,12,103
842,36.371532,11,97
843,45.464417,11,97
844,39.281258,12,106
845,27.869688,13,109
847,32.143341,13,96
848,37.189892,13,79
849,13.639325,10,62
850,31.916021,16,110
851,60.103958,16,117
852,17.276478,12,72
853,18.185766,11,83
854,22.641279,11,99
855,30.142908,10,72
856,27.27865,10,88
857,47.010208,18,123
858,49.056107,14,91
859,18.185766,18,98
860,29.142691,16,119
861,28.187939,12,87
862,21.868385,17,121
864,24.778107,12,112
865,35.735031,14,113
866,22.050241,18,125
867,32.82531,14,121
868,31.597771,15,128
870,36.053284,15,103
871,87.428078,16,99
872,36.053284,15,101
873,40.917976,15,117
874,29.733728,14,109
875,23.323246,12,73
876,17.458336,14,88
877,22.732208,16,116
878,27.324114,15,137
879,19.913414,12,105
880,22.732208,12,98
881,57.467022,18,122
882,33.961918,14,104
883,23.323246,14,78
884,31.825092,12,104
885,30.552088,16,93
886,44.691521,17,87
887,10.002172,13,101
888,54.648228,18,134
889,30.324766,12,85
891,20.186201,15,104
892,24.687178,12,104
894,36.235142,12,107
896,22.732208,12,93
898,15.912546,11,94
901,33.007168,12,109
902,24.368927,13,119
903,24.187069,13,98
904,19.458771,17,103
907,38.644756,18,112
909,21.550133,16,104
910,29.824657,13,96
912,21.00456,14,102
913,30.597553,16,103
915,36.371532,12,95
917,15.185115,12,93
918,31.916021,13,122
919,23.823355,12,107
923,26.232969,12,97
924,19.231449,18,115
925,39.735901,18,120
926,29.097227,15,103
927,50.056324,16,106
928,29.506407,16,96
929,20.458988,12,114
931,31.734163,11,86
932,22.95953,15,78
933,25.278215,16,110
934,17.049156,17,132
935,30.597553,15,126
936,14.00304,13,102
937,26.596684,12,87
938,35.50771,12,89
939,29.824657,12,106
940,19.231449,12,100
941,58.285381,16,98
942,43.736771,12,97
943,36.371532,12,111
944,34.098312,12,100
945,29.415478,18,110
946,42.645622,12,114
947,24.414392,17,135
948,13.184681,15,121
949,8.7291679,12,95
950,37.189892,18,116
951,36.96257,18,98
952,33.052631,12,90
953,51.147469,12,116
954,27.960617,17,110
955,18.322161,12,97
956,32.052414,11,89
957,15.321508,15,105
958,37.871861,17,117
959,8.7291679,17,75
960,33.189026,12,87
961,24.641714,10,74
962,37.417213,12,91
963,19.913414,12,90
965,19.413305,16,112
966,15.457902,12,90
967,21.868385,13,130
968,37.144428,16,108
969,22.732208,12,86
970,24.687178,12,101
971,20.322594,16,125
972,9.8657789,15,94
974,16.003475,15,109
975,32.779846,12,98
977,29.733728,17,114
978,36.507927,16,125
979,25.914719,12,100
980,27.27865,16,104
982,20.458988,13,112
983,20.231665,13,100
984,26.824005,15,104
985,32.779846,14,97
986,31.506842,12,120
987,24.050676,13,134
988,21.368277,9,92
989,21.868385,16,129
990,21.00456,16,122
992,39.326721,14,118
993,32.41613,16,101
994,33.643669,12,107
995,37.144428,14,92
996,30.779409,12,92
997,36.235142,16,121
998,34.962135,13,102
999,21.00456,16,118
1001,17.867516,12,100
1002,36.371532,13,92
1003,30.597553,17,108
1004,21.868385,16,121
1005,41.418083,12,119
1008,17.503801,16,106
1009,19.822485,12,98
1010,23.914284,12,109
1012,24.641714,16,120
1013,34.962135,13,127
1015,32.325199,18,101
1016,15.730688,18,108
1017,35.780495,12,91
1018,20.68631,14,118
1019,20.913631,16,110
1020,12.593643,13,119
1021,36.735249,17,103
1022,28.369797,14,103
1023,31.688698,12,104
1024,17.185549,14,108
1025,21.504669,12,118
1026,19.322378,12,98
1027,29.506407,16,120
1028,22.323029,15,144
1033,22.732208,12,100
1036,16.821835,14,86
1039,23.004995,18,122
1040,28.142473,12,98
1042,16.412655,12,101
1043,26.733078,12,117
1044,15.912546,12,119
1045,22.004778,12,105
1046,37.962788,11,104
1048,17.503801,17,111
1049,20.458988,11,96
1050,22.323029,16,94
1052,37.78093,18,101
1053,19.731558,12,83
1054,31.825092,12,112
1055,24.641714,10,93
1057,17.958445,12,105
1058,32.779846,12,115
1059,53.966263,12,105
1060,22.777674,12,88
1061,15.276044,16,122
1062,25.687395,12,96
1063,43.827698,17,123
1065,36.371532,12,104
1066,27.68783,12,108
1067,30.461159,16,116
1068,20.231665,11,92
1069,22.050241,13,102
1070,32.279736,18,109
1071,43.327591,12,103
1073,22.732208,13,97
1074,20.777239,16,101
1078,18.640411,12,98
1079,22.095707,12,96
1080,43.736771,18,122
1081,16.321726,16,114
1082,15.003258,12,100
1083,28.41526,12,104
1084,22.504887,12,111
1085,29.688265,12,110
1086,32.82531,12,87
1087,32.00695,12,103
1089,28.41526,12,95
1090,28.278868,18,116
1091,19.413305,15,109
1092,29.688265,12,104
1093,29.23362,12,104
1094,26.14204,12,110
1095,14.230363,13,100
1096,30.188374,18,116
1097,25.232752,13,94
1099,29.188156,15,115
1100,30.324766,14,123
1101,60.013031,18,113
1103,35.50771,16,106
1104,37.144428,14,114
1105,23.641497,12,95
1106,26.232969,12,113
1109,28.41526,16,111
1110,31.097662,16,110
1111,21.368277,14,100
1112,28.551655,13,95
1114,25.187286,12,100
1115,29.142691,16,130
1116,23.323246,13,98
1117,27.460508,12,103
1118,31.825092,13,108
1120,46.41917,12,101
1121,32.461594,12,90
1122,22.732208,12,79
1123,26.505754,12,94
1124,32.097878,12,115
1125,23.641497,16,118
1126,29.824657,16,114
1127,31.097662,16,114
1128,12.548179,13,84
1129,32.143341,13,92
1130,35.825962,12,107
1131,59.967567,18,137
1132,18.367624,14,129
1133,13.639325,16,101
1134,30.597553,12,98
1135,32.82531,12,108
1136,34.962135,16,114
1137,34.552956,16,110
1138,19.731558,18,111
1139,54.193584,13,99
1140,21.00456,17,113
1141,16.821835,12,101
1142,21.595598,12,99
1143,19.777021,12,101
1144,15.094187,12,75
1145,29.097227,16,102
1146,22.95953,12,91
1147,28.41526,16,113
1148,21.00456,12,120
1149,37.144428,17,134
1150,19.686092,17,105
1151,29.142691,14,98
1152,10.229494,15,107
1153,32.779846,15,110
1154,32.82531,16,101
1155,37.144428,16,107
1156,30.188374,16,115
1157,40.781582,18,121
1158,36.053284,11,115
1159,24.505322,15,134
1161,32.779846,15,105
1162,42.054585,13,97
1163,23.095924,12,108
1164,42.236443,16,113
1165,32.052414,17,96
1167,23.641497,16,137
1171,42.736553,12,110
1172,34.825745,16,120
1174,32.143341,15,105
1175,31.097662,12,121
1176,18.958662,16,113
1177,27.27865,18,113
1178,31.006733,15,101
1179,41.736336,18,104
1180,33.552738,12,96
1181,53.056976,12,92
1182,34.780277,11,80
1183,43.736771,12,117
1184,13.639325,18,134
1185,29.915586,16,126
1186,21.00456,12,95
1187,32.779846,12,102
1190,41.327156,12,112
1192,20.68631,13,104
1193,30.688482,12,81
1194,32.779846,12,70
1196,42.054585,12,70
1197,34.098312,12,83
1198,25.596466,12,84
1199,28.41526,14,104
1200,13.639325,10,82
1201,62.740894,12,109
1202,21.368277,14,111
1203,35.825962,12,97
1204,10.456816,16,120
1206,14.321291,12,94
1207,16.139868,17,116
1211,29.506407,13,101
1212,19.777021,12,98
1213,27.27865,11,110
1214,9.3656702,13,131
1215,21.868385,12,122
1216,22.050241,13,88
1217,34.507492,18,111
1218,45.237095,12,90
1220,14.275827,16,120
1223,35.598637,12,108
1224,29.55187,13,99
1228,21.595598,11,80
1229,33.007168,11,93
1230,32.779846,16,96
1231,25.596466,12,85
1232,27.27865,12,108
1233,31.461376,15,110
1234,19.231449,15,118
1235,35.735031,12,102
1237,26.232969,16,113
1238,28.869905,18,112
1239,18.640411,12,115
1240,16.821835,16,117
1241,35.871426,16,119
1243,56.875984,12,94
1244,36.735249,16,109
1245,14.00304,16,107
1247,30.597553,16,121
1248,23.823355,12,90
1252,20.458988,12,121
1253,15.139651,12,89
1254,41.509014,12,101
1255,5.8194456,11,68
1256,18.00391,16,118
1257,21.595598,13,102
1259,13.639325,16,102
1261,28.642582,12,109
1262,22.050241,12,94
1263,24.959965,12,115
1264,16.912764,12,101
1265,29.142691,12,92
1266,23.596033,12,89
1267,17.503801,9,71
1268,20.458988,16,97
1269,14.321291,12,116
1270,33.234489,14,130
1271,14.775935,12,102
1272,28.006081,16,119
1273,15.730688,15,104
1274,21.41374,13,91
1275,13.639325,12,93
1277,12.138999,12,95
1278,10.456816,12,74
1279,19.640629,14,115
1280,24.141605,12,89
1281,50.01086,12,92
1282,26.733078,12,104
1283,38.235573,18,109
1284,29.142691,15,124
1287,15.912546,15,94
1289,28.09701,16,120
1290,21.368277,13,103
1291,18.685875,12,92
1292,18.185766,12,111
1293,31.825092,11,96
1294,14.139434,15,103
1295,11.047853,14,110
1296,11.275175,12,67
1297,19.231449,11,69
1298,27.27865,11,91
1299,31.825092,17,104
1300,13.639325,12,124
1301,31.415913,12,98
1302,27.27865,12,86
1303,31.825092,12,118
1304,12.502715,14,98
1305,30.688482,9,92
1306,20.413523,17,116
1307,28.869905,16,97
1308,56.830521,14,109
1309,43.736771,18,105
1310,22.277565,18,99
1312,34.098312,14,108
1313,14.8214,18,100
1314,19.5497,18,117
1315,25.960182,12,101
1316,41.509014,16,111
1317,26.232969,14,101
1320,32.779846,18,92
1321,43.736771,16,106
1324,28.41526,12,102
1325,32.41613,14,115
1326,32.279736,12,99
1327,41.509014,16,118
1329,31.461376,13,132
1331,29.55187,13,108
1332,27.733294,14,103
1333,33.007168,12,98
1334,34.871208,13,111
1335,28.187939,12,97
1336,32.779846,16,101
1337,23.459639,18,129
1338,18.185766,12,85
1339,36.735249,14,106
1341,29.188156,17,120
1342,23.596033,12,107
1343,25.82379,12,109
1345,44.464199,12,106
1346,35.416782,12,106
1347,20.140738,14,95
1348,31.461376,16,105
1349,18.958662,16,131
1350,35.143993,11,93
1351,18.185766,15,88
1352,40.917976,12,100
1353,31.825092,16,107
1354,22.050241,16,104
1355,40.645187,16,107
1356,34.098312,18,126
1357,47.964958,13,109
1358,42.418301,12,112
1359,25.82379,12,105
1360,44.873379,16,133
1362,29.460941,12,114
1363,20.413523,16,99
1364,26.369362,12,114
1366,36.371532,12,123
1367,7.2743068,12,83
1371,39.372185,17,127
1372,31.052197,12,87
1373,50.692825,12,100
1374,50.01086,12,104
1375,13.002823,12,106
1376,23.323246,14,127
1377,29.55187,13,109
1378,47.23753,12,85
1379,31.825092,12,93
1381,14.093969,12,100
1383,23.550568,11,71
1384,32.234272,16,88
1385,28.324331,12,93
1386,13.548396,13,98
1387,28.41526,14,110
1388,34.962135,16,113
1389,20.868168,16,136
1390,25.00543,12,109
1391,21.368277,14,94
1392,18.00391,12,77
1394,47.23753,16,113
1396,31.734163,12,125
1397,32.41613,16,106
1399,15.139651,14,108
1401,26.824005,11,89
1403,22.732208,10,84
1406,24.505322,12,102
1407,26.232969,18,106
1408,36.735249,14,102
1409,32.82531,14,113
1410,27.27865,12,96
1416,30.597553,16,107
1418,40.008686,17,110
1419,41.145298,13,106
1421,23.641497,10,103
1422,16.185333,12,53
1423,12.639108,12,103
1424,18.185766,12,76
1425,12.411786,10,90
1426,22.732208,11,96
1427,27.415043,11,97
1429,21.595598,12,87
1430,50.01086,12,89
1431,15.321508,14,118
1433,18.367624,13,70
1434,34.416565,16,104
1435,25.187286,16,113
1436,26.232969,16,116
1437,19.640629,15,114
1440,20.458988,14,116
1441,36.689785,13,109
1444,21.868385,11,80
1447,27.27865,16,116
1448,31.506842,14,83
1449,41.963657,15,104
1450,32.779846,12,106
1451,24.550785,12,99
1452,20.868168,13,101
1453,22.050241,13,74
1455,9.0928831,16,121
1459,16.503584,12,77
1465,31.234055,12,93
1468,14.775935,13,114
1469,32.9617,17,103
1472,20.458988,12,92
1474,15.912546,13,79
1476,44.55513,12,92
1479,25.596466,16,99
1484,30.461159,13,99
1486,16.958227,17,116
1491,25.369144,18,98
1492,24.050676,13,114
1496,32.779846,14,119
1497,24.050676,16,122
1498,39.053936,12,77
1501,12.502715,12,95
1502,14.775935,14,89
1503,16.230797,14,93
1505,16.594513,14,116
1507,21.913849,12,110
1508,43.418518,17,132
1509,21.00456,17,103
1510,18.958662,16,112
1514,16.412655,12,99
1515,27.187721,16,138
1516,34.098312,13,93
1517,17.503801,16,88
1518,28.187939,16,96
1519,29.142691,13,106
1520,21.277348,16,90
1522,21.00456,12,93
1523,28.869905,12,92
1524,18.185766,12,101
1525,34.552956,13,100
1526,25.460073,13,91
1527,45.464417,12,95
1528,19.322378,11,71
1529,18.685875,12,89
1530,8.1381302,11,67
1531,17.049156,18,96
1532,59.012814,18,127
1534,35.234924,16,114
1535,32.461594,12,112
1536,19.504234,10,57
1538,39.781364,13,102
1539,19.276913,14,103
1542,21.00456,15,102
1545,23.414175,12,88
1546,47.874031,12,88
1548,68.287552,18,132
1549,43.736771,15,110
1550,10.456816,15,90
1551,34.098312,18,96
1552,10.229494,15,83
1553,15.048722,13,86
1555,34.098312,10,94
1556,20.458988,12,86
1557,39.326721,13,110
1559,38.462898,16,114
1560,34.507492,16,130
1561,27.27865,16,119
1562,46.82835,12,94
1563,39.826828,14,125
1564,25.82379,12,100
1565,24.232534,16,108
1567,27.460508,12,83
1568,29.870123,12,86
1569,28.41526,12,101
1570,12.730037,12,70
1571,22.732208,10,75
1572,24.323463,12,105
1573,37.189892,10,85
1575,27.460508,10,89
1576,22.95953,12,80
1577,34.098312,12,72
1579,30.643017,18,115
1580,41.509014,16,115
1581,39.963223,17,102
1584,14.866864,14,99
1587,15.321508,18,107
1588,17.503801,10,66
1589,24.050676,16,108
1591,44.736988,12,94
1592,37.144428,12,93
1596,11.957142,13,85
1597,33.870991,18,99
1599,32.779846,17,86
1601,24.778107,12,95
1602,11.366104,14,114
1603,28.369797,14,74
1605,26.232969,16,128
1606,36.96257,16,111
1607,28.41526,12,101
1608,22.050241,14,111
1609,38.235573,16,92
1610,39.326721,16,100
1611,14.775935,16,123
1612,21.686527,14,69
1613,11.366104,16,79
1615,23.414175,13,106
1616,11.638891,18,106
1617,32.643452,13,115
1619,34.098312,12,108
1621,19.595163,12,69
1622,19.322378,12,86
1623,10.002172,12,76
1624,31.143126,13,115
1625,22.732208,15,104
1626,25.050894,16,115
1627,31.825092,11,93
1628,32.143341,12,91
1629,23.777889,17,125
1631,21.00456,14,89
1633,18.185766,15,92
1634,39.64497,18,127
1635,17.185549,12,80
1638,36.417,15,112
1641,20.458988,10,90
1643,16.367189,12,84
1645,32.779846,12,120
1648,33.007168,16,106
1649,24.687178,12,76
1650,54.648228,16,115
1652,17.049156,9,89
1655,63.331932,12,102
1656,29.506407,12,104
1658,20.68631,16,122
1659,30.051979,12,107
1663,28.41526,12,100
1665,22.686745,13,100
1667,24.323463,18,129
1670,16.730906,18,129
1672,43.736771,16,112
1677,22.95953,12,76
1678,26.232969,16,82
1680,34.098312,12,97
1681,26.232969,11,98
1682,13.139216,15,124
1686,10.638674,9,81
1688,94.702377,16,60
1690,30.824875,12,100
1691,14.230363,13,84
1692,27.324114,18,132
1693,22.732208,10,96
1694,17.049156,12,100
1695,25.00543,12,109
1697,28.41526,16,84
1698,19.231449,14,90
1700,23.596033,12,98
1701,16.321726,14,120
1702,15.867082,11,63
1704,20.140738,18,100
1706,17.503801,14,110
1707,19.913414,12,83
1708,18.958662,11,88
1709,21.868385,11,98
1710,27.096792,16,113
1711,27.27865,12,103
1713,24.141605,12,97
1715,22.868601,12,76
1717,62.468109,16,126
1719,26.232969,14,108
1720,31.916021,12,127
1721,20.186201,16,112
1722,25.460073,13,99
1723,43.736771,13,94
1725,57.694344,17,127
1726,22.732208,16,97
1727,26.505754,16,114
1728,5.0920148,17,116
1729,30.597553,14,125
1730,87.428078,17,104
1732,20.913631,12,99
1734,14.321291,16,127
1735,29.142691,14,103
1736,34.098312,12,98
1738,15.912546,17,137
1739,21.00456,18,137
1740,52.465939,15,103
1741,79.471802,16,111
1742,34.962135,17,115
1743,33.189026,15,109
1744,33.461811,18,107
1745,22.732208,16,128
1746,16.594513,16,123
1747,15.139651,13,91
1749,17.049156,12,89
1751,16.412655,17,87
1754,23.732426,16,101
1755,32.097878,12,90
1756,18.594946,16,104
1757,18.913197,12,105
1758,35.735031,12,100
1759,26.232969,16,111
1760,21.731991,16,95
1761,28.41526,17,125
1762,22.95953,17,95
1774,41.327156,16,124
1776,52.511402,14,107
1778,35.50771,13,107
1779,18.913197,13,110
1780,16.549047,13,80
1781,17.049156,13,91
1783,16.27626,16,96
1785,24.005213,14,102
1786,13.593861,12,93
1790,34.962135,12,81
1799,21.595598,12,99
1800,18.185766,16,122
1801,18.094837,18,94
1803,23.777889,12,93
1807,14.775935,12,69
1809,34.098312,13,102
1816,23.232317,12,95
1817,28.369797,16,98
1818,11.093318,12,84
1819,16.503584,12,88
1820,27.551437,16,109
1821,34.552956,12,115
1822,17.503801,14,105
1824,37.644539,16,90
1825,18.367624,12,92
1826,12.138999,15,113
1827,20.004343,12,82
1828,17.049156,14,105
1830,29.915586,12,95
1831,23.36871,15,92
1838,26.232969,16,140
1841,17.049156,13,85
1843,22.732208,12,116
1844,15.912546,12,85
1845,23.868818,10,85
1847,17.503801,16,122
1849,13.639325,15,74
1852,12.138999,12,110
1857,24.778107,16,123
1858,25.551003,14,122
1859,26.232969,12,86
1860,40.463329,15,80
1861,28.41526,13,96
1862,18.913197,13,112
1866,30.188374,12,77
1867,13.002823,11,92
1869,33.734596,16,89
1871,28.324331,12,87
1873,25.00543,12,95
1874,36.417,16,117
1875,15.003258,14,67
1876,31.097662,16,112
1877,45.464417,15,119
1878,49.601681,16,103
1883,20.458988,12,74
1885,16.412655,16,112
1887,28.006081,17,102
1889,18.867733,12,95
1891,22.732208,13,81
1892,52.511402,18,124
1893,23.868818,12,89
1896,28.41526,8,91
1897,15.912546,13,117
1898,30.597553,16,109
1900,15.958011,12,88
1901,32.870773,12,67
1902,25.869253,15,81
1903,10.91146,11,81
1907,18.776804,17,119
1908,38.553825,12,83
1909,39.735901,16,101
1917,12.048071,14,75
1918,38.144646,16,109
1919,26.232969,16,111
1923,8.911026,12,104
1924,21.595598,12,72
1925,22.732208,11,87
1928,42.963875,16,106
1930,23.641497,16,118
1931,21.550133,15,103
1934,23.596033,12,95
1936,17.049156,12,91
1939,21.595598,16,101
1940,17.867516,16,121
1943,22.732208,12,65
1945,21.595598,12,85
1946,16.594513,12,70
1947,12.775501,11,65
1949,11.957142,12,90
1950,46.009991,18,110
1951,37.871861,17,102
1954,15.730688,9,67
1955,13.639325,11,68
1956,17.049156,11,88
1963,19.004126,12,94
1965,39.326721,10,97
1966,23.596033,13,98
1968,39.326721,13,101
1970,38.872078,17,115
1972,37.78093,18,122
1973,39.781364,16,117
1974,62.468109,14,105
1975,20.504452,16,113
1976,31.097662,18,101
1978,41.509014,13,113
1979,38.872078,13,88
1982,17.049156,12,93
1983,20.049809,16,117
1985,18.640411,12,83
1986,13.639325,15,103
1987,31.506842,16,113
1988,46.009991,18,124
1989,20.549917,15,123
1991,22.368494,18,98
1993,26.232969,14,107
1995,29.779194,12,114
1996,32.234272,16,119
1997,23.232317,14,82
1998,28.41526,12,89
1999,20.913631,14,111
2000,28.41526,14,104
2001,26.14204,12,65
2003,18.822269,13,73
2004,21.41374,13,77
2005,23.641497,12,74
2007,22.277565,12,77
2008,19.322378,18,98
2009,24.323463,12,75
2010,33.870991,13,97
2012,14.548614,12,96
2013,27.551437,17,99
2015,14.775935,12,68
2016,37.326286,13,83
2017,36.82618,12,97
2018,17.003693,12,98
2019,13.639325,12,95
2021,29.142691,18,103
2022,26.596684,12,105
2025,14.775935,12,86
2026,29.779194,13,102
2027,28.051546,13,95
2029,25.00543,16,100
2031,28.41526,10,81
2037,22.732208,10,85
2038,18.367624,10,86
2039,12.502715,10,79
2041,27.27865,18,101
2042,26.232969,13,100
2043,17.049156,12,84
2044,13.821183,12,74
2046,12.502715,14,86
2050,29.142691,16,92
2055,28.869905,14,107
2061,30.597553,12,93
2066,17.049156,9,69
2067,35.007603,17,113
2068,25.369144,17,114
2069,80.15377,18,126
2070,31.597771,12,92
2072,23.141388,12,127
2073,37.189892,12,109
2075,27.27865,12,97
2078,23.050459,11,66
2079,27.551437,12,78
2082,48.555996,16,109
2083,74.33432,14,93
2084,39.0994,16,109
2085,34.371098,14,105
2086,34.098312,15,105
2087,19.913414,12,104
2088,50.283646,12,66
2089,13.230145,17,122
2090,15.094187,12,103
2091,18.958662,13,100
2092,28.41526,13,85
2093,21.00456,12,81
2095,23.641497,18,105
2096,6.8196626,14,116
2098,17.503801,18,121
2099,26.232969,15,109
2100,24.459856,18,121
2101,36.417,17,126
2102,22.732208,17,120
2103,40.645187,13,78
2104,28.41526,14,54
2105,14.685007,14,60
2106,26.232969,12,98
2108,10.956924,10,94
2109,34.462029,17,128
2110,89.974083,16,94
2111,31.597771,12,98
2112,22.323029,16,105
2115,13.548396,13,87
2116,14.00304,13,71
2117,49.874466,13,117
2118,18.776804,11,94
2120,22.732208,12,88
2121,26.778542,15,85
2122,28.41526,13,102
2126,35.371315,16,116
2129,18.185766,13,82
2130,57.967133,18,114
2132,30.597553,12,65
2133,12.730037,10,84
2135,91.065224,18,105
2136,34.962135,16,101
2137,39.372185,16,108
2138,40.008686,15,93
2139,25.00543,12,96
2140,27.733294,14,92
2141,26.232969,13,107
2143,37.462681,16,106
2146,31.825092,17,98
2148,14.00304,11,73
2149,39.326721,17,119
2152,30.597553,14,82
2155,38.417431,13,115
2156,40.236008,14,77
2157,31.506842,14,101
2158,38.69022,12,97
2159,33.552738,12,110
2160,21.868385,14,86
2161,36.144211,16,126
2163,39.508579,12,96
2164,26.232969,16,117
2165,62.968216,17,111
2167,30.688482,12,67
2171,29.870123,12,102
2172,54.557301,15,95
2176,96.157242,12,64
2179,27.051329,10,118
2180,37.871861,15,104
2181,18.185766,15,107
2182,32.779846,14,118
2183,7.5925574,12,71
2184,21.231882,14,114
2185,29.23362,18,118
2186,27.27865,13,75
2187,18.185766,12,149
2188,45.464417,13,108
2189,30.279303,14,108
2191,35.689568,14,112
2192,30.324766,15,108
2193,13.639325,10,93
2194,31.688698,16,119
2195,19.913414,14,94
2196,31.143126,13,68
2197,18.822269,14,103
2198,34.143776,12,104
2199,10.50228,13,119
2200,22.95953,16,90
2201,27.27865,16,129
2203,48.101353,18,125
2204,28.506189,15,100
2205,47.737637,16,112
2206,44.691521,18,128
2207,58.285381,18,84
2208,37.189892,12,84
2209,22.732208,17,120
2210,32.734379,12,97
2211,24.459856,12,102
2213,13.639325,11,91
2216,45.282558,18,131
2217,26.460291,17,107
2218,10.50228,16,126
2219,24.505322,16,107
2220,28.551655,15,92
2222,10.50228,16,92
2223,32.552521,18,119
2225,22.732208,15,76
2227,9.0928831,11,107
2228,50.283646,16,111
2229,26.505754,12,92
2230,18.367624,16,115
2231,28.09701,13,114
2232,12.593643,16,123
2233,43.736771,17,107
2234,31.461376,15,107
2235,25.596466,12,105
2237,30.597553,14,111
2238,38.917542,16,107
2239,11.820748,16,117
2240,26.14204,15,116
2241,28.460726,13,108
2242,65.605156,12,115
2243,15.276044,14,101
2244,26.232969,12,98
2246,11.366104,15,87
2248,47.192066,15,95
2249,49.556213,18,114
2250,21.00456,18,116
2251,28.41526,12,90
2252,37.144428,16,115
2253,16.412655,14,113
2254,14.548614,12,87
2255,15.776153,16,91
2256,39.144863,12,86
2257,12.820966,10,90
2258,31.779627,12,125
2259,27.960617,12,107
2260,19.686092,11,88
2261,24.277998,16,117
2262,28.41526,16,92
2263,26.232969,18,122
2264,38.326504,12,98
2265,18.367624,16,123
2267,46.100918,18,116
2268,14.775935,16,114
2269,35.053066,15,91
2270,31.825092,14,125
2271,24.914501,17,126
2272,28.41526,16,101
2273,41.418083,16,101
2274,33.870991,12,116
2275,30.643017,12,103
2276,37.144428,16,113
2277,35.007603,15,111
2278,33.052631,15,116
2280,31.279518,14,94
2281,25.460073,14,108
2282,22.732208,16,123
2285,33.007168,16,109
2286,43.736771,16,124
2287,27.960617,17,89
2288,52.465939,13,114
2289,30.688482,13,121
2290,19.185984,12,103
2291,48.328674,12,96
2292,53.420689,18,117
2293,38.735683,15,108
2296,54.557301,12,100
2298,25.00543,14,104
2299,36.417,15,91
2300,24.687178,12,97
2302,34.098312,14,94
2303,20.458988,14,103
2305,38.872078,12,101
2306,33.098095,14,94
2307,31.506842,12,112
2308,46.601028,10,73
2309,52.465939,14,104
2311,33.052631,15,105
2312,24.323463,14,106
2313,24.187069,12,101
2314,13.139216,13,86
2315,14.230363,17,119
2316,18.367624,13,83
2317,50.01086,18,114
2318,30.006516,12,104
2319,19.686092,12,99
2320,18.185766,17,126
2321,11.957142,15,101
2323,26.232969,16,109
2324,19.686092,12,110
2325,21.368277,17,104
2326,11.593427,17,118
2328,30.461159,13,103
2329,47.692173,12,90
2330,83.927315,17,98
2331,34.962135,15,112
2332,31.279518,11,64
2334,21.777456,16,128
2335,15.503366,16,113
2336,41.190762,14,102
2337,15.958011,12,93
2338,35.234924,12,92
2339,31.825092,12,124
2340,26.914934,16,119
2342,24.232534,12,96
2343,18.958662,16,110
2344,63.377396,18,118
2345,24.914501,12,96
2346,29.870123,11,80
2348,28.369797,13,137
2349,20.095272,16,113
2350,26.232969,15,93
2351,24.550785,13,93
2352,38.235573,15,116
2353,32.916237,14,106
2357,26.232969,12,69
2358,23.232317,12,78
2359,14.139434,15,87
2360,26.232969,12,99
2362,28.688047,12,92
2363,30.279303,16,113
2364,18.185766,14,119
2367,19.231449,13,98
2368,29.415478,16,99
2370,38.190109,16,112
2371,28.41526,15,115
2372,45.464417,9,96
2373,41.781799,16,117
2374,33.189026,12,96
2376,21.959314,14,75
2377,18.685875,12,108
2380,22.732208,17,92
2381,33.325417,15,95
2382,20.868168,13,88
2383,32.779846,16,106
2384,31.779627,15,95
2385,35.689568,14,94
2386,42.054585,16,105
2387,20.413523,14,115
2388,14.775935,15,117
2391,21.368277,18,93
2392,24.596251,12,115
2395,24.869036,18,117
2396,26.232969,16,98
2398,48.555996,16,105
2399,32.779846,12,109
2400,30.597553,17,95
2401,33.598206,17,120
2402,67.196411,12,96
2405,36.417,13,91
2406,25.00543,13,109
2408,24.550785,12,87
2409,35.916889,16,110
2410,31.506842,14,97
2411,11.366104,16,110
2413,28.869905,9,74
2414,18.776804,12,95
2415,13.639325,12,97
2418,16.185333,13,98
2419,18.185766,12,105
2420,18.776804,12,85
2421,24.141605,14,105
2422,28.869905,16,122
2423,6.546876,14,114
2424,25.00543,14,129
2425,22.095707,12,100
2426,27.187721,17,108
2431,36.371532,16,122
2432,36.917107,16,119
2433,19.686092,17,129
2434,34.143776,17,79
2435,13.366539,14,109
2436,19.413305,12,105
2437,31.825092,12,90
2439,24.641714,14,101
2440,21.82292,12,83
2442,23.095924,16,111
2444,32.870773,12,110
2445,10.002172,12,92
2447,54.648228,13,113
2448,18.185766,13,115
2449,27.324114,16,109
2450,21.868385,12,114
2451,31.825092,16,110
2452,34.962135,12,102
2453,24.050676,14,118
2454,20.458988,16,112
2455,25.596466,10,86
2456,29.506407,13,114
2459,32.688915,16,102
2460,49.192501,12,105
2461,30.597553,16,83
2462,15.912546,18,107
2463,34.962135,14,81
2464,29.55187,12,85
2465,34.143776,9,72
2468,18.231232,12,86
2474,20.458988,12,68
2475,7.865344,17,115
2479,11.820748,12,95
2485,17.503801,16,87
2486,37.144428,17,116
2487,43.736771,16,95
2488,18.549482,13,94
2491,28.187939,14,96
2492,10.456816,12,99
2494,52.511402,18,106
2499,22.732208,12,85
2501,34.098312,12,100
2502,14.685007,15,92
2503,47.192066,13,101
2504,22.323029,16,104
2505,23.868818,13,88
2509,33.507275,15,97
2510,27.233187,14,83
2511,51.420254,18,71
2512,27.324114,14,100
2514,10.684138,12,96
2515,10.002172,13,113
2519,18.185766,16,117
2520,19.231449,15,101
2521,13.184681,12,65
2523,17.276478,13,87
2524,29.824657,12,116
2525,32.325199,12,106
2526,21.868385,14,93
2527,29.142691,16,112
2528,27.096792,12,98
2531,69.924271,16,103
2532,39.0994,12,103
2534,14.00304,12,91
2535,27.27865,14,118
2537,24.550785,13,87
2538,15.639759,13,100
2539,22.732208,12,96
2541,17.185549,18,62
2542,8.5473108,15,60
2546,45.464417,12,83
2547,25.641932,12,100
2550,24.459856,12,123
2551,16.139868,13,67
2554,46.646492,13,104
2555,13.412003,17,106
2556,25.00543,12,85
2557,24.459856,12,81
2559,32.325199,12,109
2560,10.411351,12,76
2561,10.002172,12,73
2562,14.093969,12,62
2563,14.548614,12,76
2564,13.775719,12,76
2565,20.458988,13,104
2567,19.913414,12,103
2569,38.462898,16,106
2570,14.230363,14,112
2572,19.504234,12,94
2573,22.277565,14,83
2575,18.185766,14,91
2581,31.825092,11,81
2582,17.321943,10,87
2583,21.140953,12,118
2588,18.958662,13,74
2597,25.00543,13,85
2601,24.141605,13,96
2603,20.004343,12,73
2604,20.777239,12,75
2605,19.913414,12,95
2606,25.00543,12,102
2607,29.55187,16,107
2608,19.231449,11,86
2609,19.095055,13,104
2610,9.0928831,14,106
2613,32.461594,12,95
2614,18.094837,12,116
2615,18.094837,9,66
2616,33.370884,16,101
2617,31.279518,12,96
2619,20.68631,12,104
2621,26.232969,16,138
2622,31.779627,16,105
2623,17.049156,16,106
2626,10.002172,12,67
2629,15.503366,16,97
2637,13.093752,15,108
2638,39.372185,18,125
2639,19.686092,12,106
2642,18.185766,12,99
2645,24.869036,12,96
2647,22.732208,14,114
2648,16.139868,16,117
2649,27.27865,12,105
2650,29.55187,12,106
2651,38.553825,12,102
2653,13.139216,12,75
2654,20.777239,14,99
2656,18.776804,13,90
2657,29.506407,16,101
2658,28.778976,13,115
2659,32.779846,16,118
2660,41.509014,12,108
2661,17.049156,13,101
2662,26.914934,18,127
2663,34.734814,16,114
2665,12.502715,11,76
2667,43.736771,16,132
2668,28.41526,12,50
2669,15.139651,12,84
2670,28.41526,12,55
2672,16.321726,12,73
2674,18.322161,12,61
2675,21.050026,11,84
2678,18.185766,14,71
2679,18.867733,16,84
2681,65.559692,18,101
2686,12.093534,13,69
2687,14.775935,11,80
2691,9.7293854,10,69
2692,31.279518,12,104
2694,20.777239,10,92
2696,33.279953,16,102
2705,15.230579,13,97
2706,21.868385,12,83
2707,29.188156,12,98
2708,26.051111,10,70
2711,15.412437,12,90
2712,18.185766,13,87
2713,13.639325,15,96
2714,26.369362,10,80
2715,14.594078,14,102
2716,21.595598,12,79
2722,25.141823,16,104
2723,32.779846,18,104
2724,33.143559,13,101
2725,14.275827,12,115
2734,30.597553,17,107
2735,21.959314,16,98
2736,34.962135,16,96
2749,28.460726,12,99
2752,36.507927,16,112
2753,20.322594,16,118
2754,14.503149,15,83
2759,28.006081,16,107
2760,16.094404,12,91
2761,19.322378,18,96
2762,12.048071,12,89
2763,19.367842,14,118
2764,11.366104,12,113
2765,25.460073,17,116
2766,13.139216,12,105
2767,17.867516,16,120
2768,26.232969,12,107
2769,15.730688,17,94
2770,58.285381,16,98
2771,39.326721,17,126
2772,18.776804,14,96
2774,18.367624,14,84
2775,32.779846,12,108
2776,26.232969,12,104
2777,22.732208,12,110
2778,11.366104,12,96
2779,7.0469847,12,106
2780,18.458553,12,68
2781,15.912546,12,83
2782,21.00456,12,66
2783,22.732208,10,70
2784,38.462898,16,104
2785,26.232969,12,87
2786,18.185766,16,110
2787,33.689133,11,87
2788,15.912546,14,100
2789,19.913414,12,91
2792,34.143776,16,109
2793,26.232969,18,112
2794,18.367624,16,106
2795,28.006081,12,94
2799,17.503801,12,95
2803,30.552088,15,89
2813,28.41526,12,85
2814,22.732208,10,97
2815,15.048722,12,83
2816,26.596684,12,99
2817,14.548614,13,75
2818,13.639325,11,68
2819,33.552738,16,107
2820,17.503801,12,74
2821,29.142691,13,105
2826,20.458988,11,51
2828,36.417,12,100
2829,17.049156,9,75
2831,24.323463,13,83
2833,16.412655,10,86
2834,13.639325,9,96
2835,25.369144,12,90
2837,22.095707,12,86
2838,27.27865,12,102
2845,24.277998,12,101
2850,55.239265,16,84
2851,26.232969,17,116
2852,11.366104,14,99
2863,18.185766,12,107
2865,13.639325,13,116
2866,18.913197,15,109
2883,33.643669,16,76
2887,12.411786,15,72
2888,28.733511,14,105
2889,13.139216,16,65
2904,15.139651,12,98
2905,13.912111,12,93
2906,26.051111,18,108
2908,21.050026,12,74
2909,17.685658,12,107
2910,50.283646,16,110
2911,11.138783,16,114
2914,18.185766,12,72
2915,13.639325,10,117
2916,25.141823,16,107
2919,18.594946,12,114
2921,15.321508,16,107
2923,23.777889,13,120
2924,23.323246,16,97
2925,31.415913,14,130
2926,19.322378,16,107
2928,24.641714,12,100
2930,22.95953,12,103
2931,26.869471,17,108
2932,19.049591,16,111
2933,17.049156,16,114
2934,16.776369,17,112
2935,19.913414,11,95
2936,28.142473,17,138
2937,28.869905,16,96
2938,22.732208,12,105
2939,39.781364,12,98
2944,9.0928831,11,62
2946,11.138783,12,67
2947,36.735249,12,83
2951,43.736771,17,97
2952,33.780064,16,112
2953,20.458988,12,102
2956,36.098747,11,70
2958,21.00456,14,92
2959,10.229494,10,90
2960,26.232969,13,83
2964,9.0928831,10,75
2965,24.505322,16,95
2966,16.094404,16,104
2967,11.366104,11,85
2968,31.506842,16,114
2969,19.095055,12,82
2970,16.639977,12,65
2972,41.509014,16,113
2977,15.457902,11,100
2978,21.050026,9,68
2979,9.0928831,12,76
2980,14.321291,15,101
2981,28.41526,16,78
2982,11.547962,12,72
2983,20.458988,9,75
2993,20.458988,12,101
2994,11.957142,12,100
2995,19.640629,14,105
2998,23.323246,16,82
3000,17.503801,16,79
3001,22.732208,13,102
3004,21.368277,12,77
3008,22.732208,12,109
3009,32.41613,12,107
